user_id,session_id,role,user_msg
user_001,session_001,human,What's the difference between batch and streaming?
user_001,session_001,ai,"The key points are: first, ensure your configuration is correct; second, check the logs for errors; third, validate your schema. Sure. Here's a concise explanation. In practice, you'll want to consider latency requirements and throughput. For production, consider high availability, monitoring, and alerting. Common causes include misconfigured connectors, schema mismatches, or network timeouts. Rem"
user_001,session_001,human,How do I monitor my Flink job?
user_001,session_001,ai,"Common causes include misconfigured connectors, schema mismatches, or network timeouts. Remember to set appropriate timeouts and retry policies. Best practice is to use idempotent sinks and enable checkpointing for exactly-once semantics. For production, consider high availability, monitoring, and alerting. Sure. Here's a concise explanation."
user_001,session_001,human,Can you summarize the docs?
user_001,session_001,ai,"Best practice is to use idempotent sinks and enable checkpointing for exactly-once semantics. You can verify this by running a simple test and checking the metrics in the dashboard. Common causes include misconfigured connectors, schema mismatches, or network timeouts. I recommend starting with the official documentation and then trying a small proof of concept."
user_001,session_001,human,Can you summarize the docs? More detail?
user_001,session_001,ai,"In practice, you'll want to consider latency requirements and throughput. Sure. Here's a concise explanation. Best practice is to use idempotent sinks and enable checkpointing for exactly-once semantics. The main difference is that streaming processes data as it arrives, while batch processes bounded datasets. You can verify this by running a simple test and checking the metrics in the dashboard. "
user_001,session_001,human,What's checkpointing?
user_001,session_001,ai,"I recommend starting with the official documentation and then trying a small proof of concept. The main difference is that streaming processes data as it arrives, while batch processes bounded datasets. Sure. Here's a concise explanation. Common causes include misconfigured connectors, schema mismatches, or network timeouts."
user_002,session_002,human,What are the top 3 restaurants nearby? Quick answer only.
user_002,session_002,ai,"I recommend starting with the official documentation and then trying a small proof of concept. In practice, you'll want to consider latency requirements and throughput. Common causes include misconfigured connectors, schema mismatches, or network timeouts. Sure. Here's a concise explanation."
user_002,session_002,human,Tell me a joke.
user_002,session_002,ai,"I recommend starting with the official documentation and then trying a small proof of concept. I recommend starting with the official documentation and then trying a small proof of concept. For production, consider high availability, monitoring, and alerting. Remember to set appropriate timeouts and retry policies. Remember to set appropriate timeouts and retry policies. Best practice is to use id"
user_002,session_002,human,What's the weather like?
user_002,session_002,ai,"For production, consider high availability, monitoring, and alerting. I recommend starting with the official documentation and then trying a small proof of concept. The main difference is that streaming processes data as it arrives, while batch processes bounded datasets. You can verify this by running a simple test and checking the metrics in the dashboard. The main difference is that streaming p"
user_002,session_002,human,How do I monitor my Flink job? More detail?
user_002,session_002,ai,Best practice is to use idempotent sinks and enable checkpointing for exactly-once semantics. Remember to set appropriate timeouts and retry policies. Remember to set appropriate timeouts and retry policies.
user_002,session_002,human,Can you summarize the docs?
user_002,session_002,ai,"Best practice is to use idempotent sinks and enable checkpointing for exactly-once semantics. Remember to set appropriate timeouts and retry policies. The key points are: first, ensure your configuration is correct; second, check the logs for errors; third, validate your schema. You can verify this by running a simple test and checking the metrics in the dashboard. Best practice is to use idempote"
user_003,session_003,human,How do I deploy Flink on Kubernetes?
user_003,session_003,ai,Sure. Here's a concise explanation. You can verify this by running a simple test and checking the metrics in the dashboard.
user_003,session_003,human,Can you explain machine learning in simple terms? Thanks.
user_003,session_003,ai,"The main difference is that streaming processes data as it arrives, while batch processes bounded datasets. Sure. Here's a concise explanation. Sure. Here's a concise explanation. For production, consider high availability, monitoring, and alerting."
user_003,session_003,human,Help with schema evolution.
user_003,session_003,ai,"Sure. Here's a concise explanation. Common causes include misconfigured connectors, schema mismatches, or network timeouts. For production, consider high availability, monitoring, and alerting. Sure. Here's a concise explanation. The key points are: first, ensure your configuration is correct; second, check the logs for errors; third, validate your schema."
user_003,session_003,human,Help me debug this SQL query.
user_003,session_003,ai,"Common causes include misconfigured connectors, schema mismatches, or network timeouts. Best practice is to use idempotent sinks and enable checkpointing for exactly-once semantics. Remember to set appropriate timeouts and retry policies."
user_003,session_003,human,What's the latency I should expect? Quick answer only.
user_003,session_003,ai,Best practice is to use idempotent sinks and enable checkpointing for exactly-once semantics. Best practice is to use idempotent sinks and enable checkpointing for exactly-once semantics.
user_004,session_004,human,How do I backfill data? More detail?
user_004,session_004,ai,"The main difference is that streaming processes data as it arrives, while batch processes bounded datasets. I recommend starting with the official documentation and then trying a small proof of concept. You can verify this by running a simple test and checking the metrics in the dashboard."
user_004,session_004,human,Help with schema evolution.
user_004,session_004,ai,Best practice is to use idempotent sinks and enable checkpointing for exactly-once semantics. Sure. Here's a concise explanation. Remember to set appropriate timeouts and retry policies. Sure. Here's a concise explanation. Sure. Here's a concise explanation. You can verify this by running a simple test and checking the metrics in the dashboard.
user_004,session_004,human,How do I scale my pipeline?
user_004,session_004,ai,"The main difference is that streaming processes data as it arrives, while batch processes bounded datasets. You can verify this by running a simple test and checking the metrics in the dashboard. For production, consider high availability, monitoring, and alerting. For production, consider high availability, monitoring, and alerting. In practice, you'll want to consider latency requirements and th"
user_004,session_004,human,Why is my job failing?
user_004,session_004,ai,"Remember to set appropriate timeouts and retry policies. Best practice is to use idempotent sinks and enable checkpointing for exactly-once semantics. I recommend starting with the official documentation and then trying a small proof of concept. Common causes include misconfigured connectors, schema mismatches, or network timeouts. The key points are: first, ensure your configuration is correct; s"
user_004,session_004,human,Why is my job failing? Thanks.
user_004,session_004,ai,"Common causes include misconfigured connectors, schema mismatches, or network timeouts. For production, consider high availability, monitoring, and alerting. For production, consider high availability, monitoring, and alerting. Best practice is to use idempotent sinks and enable checkpointing for exactly-once semantics. You can verify this by running a simple test and checking the metrics in the d"
user_005,session_005,human,Explain windowing in stream processing. Quick answer only.
user_005,session_005,ai,"For production, consider high availability, monitoring, and alerting. Sure. Here's a concise explanation. Remember to set appropriate timeouts and retry policies. In practice, you'll want to consider latency requirements and throughput. The main difference is that streaming processes data as it arrives, while batch processes bounded datasets."
user_005,session_005,human,How do I reset my password?
user_005,session_005,ai,"For production, consider high availability, monitoring, and alerting. In practice, you'll want to consider latency requirements and throughput. I recommend starting with the official documentation and then trying a small proof of concept."
user_005,session_005,human,Tell me a joke.
user_005,session_005,ai,"For production, consider high availability, monitoring, and alerting. I recommend starting with the official documentation and then trying a small proof of concept. For production, consider high availability, monitoring, and alerting."
user_005,session_005,human,Help me debug this SQL query.
user_005,session_005,ai,"Common causes include misconfigured connectors, schema mismatches, or network timeouts. Sure. Here's a concise explanation. You can verify this by running a simple test and checking the metrics in the dashboard."
user_005,session_005,human,Can you summarize the docs?
user_005,session_005,ai,"Best practice is to use idempotent sinks and enable checkpointing for exactly-once semantics. Best practice is to use idempotent sinks and enable checkpointing for exactly-once semantics. Remember to set appropriate timeouts and retry policies. The main difference is that streaming processes data as it arrives, while batch processes bounded datasets. I recommend starting with the official document"
user_006,session_006,human,What's the weather like?
user_006,session_006,ai,"For production, consider high availability, monitoring, and alerting. Common causes include misconfigured connectors, schema mismatches, or network timeouts. The main difference is that streaming processes data as it arrives, while batch processes bounded datasets. For production, consider high availability, monitoring, and alerting. Common causes include misconfigured connectors, schema mismatche"
user_006,session_006,human,Recommend a good book on data engineering.
user_006,session_006,ai,"Best practice is to use idempotent sinks and enable checkpointing for exactly-once semantics. Common causes include misconfigured connectors, schema mismatches, or network timeouts. I recommend starting with the official documentation and then trying a small proof of concept."
user_006,session_006,human,What's the difference between batch and streaming? More detail?
user_006,session_006,ai,"Sure. Here's a concise explanation. Common causes include misconfigured connectors, schema mismatches, or network timeouts. For production, consider high availability, monitoring, and alerting."
user_006,session_006,human,Help with schema evolution.
user_006,session_006,ai,"I recommend starting with the official documentation and then trying a small proof of concept. I recommend starting with the official documentation and then trying a small proof of concept. Sure. Here's a concise explanation. In practice, you'll want to consider latency requirements and throughput. Best practice is to use idempotent sinks and enable checkpointing for exactly-once semantics."
user_006,session_006,human,What's checkpointing?
user_006,session_006,ai,"The key points are: first, ensure your configuration is correct; second, check the logs for errors; third, validate your schema. The key points are: first, ensure your configuration is correct; second, check the logs for errors; third, validate your schema. You can verify this by running a simple test and checking the metrics in the dashboard. Sure. Here's a concise explanation. You can verify thi"
user_007,session_007,human,Can you summarize the docs?
user_007,session_007,ai,"The key points are: first, ensure your configuration is correct; second, check the logs for errors; third, validate your schema. Remember to set appropriate timeouts and retry policies."
user_007,session_007,human,Any tips for testing?
user_007,session_007,ai,"The key points are: first, ensure your configuration is correct; second, check the logs for errors; third, validate your schema. The key points are: first, ensure your configuration is correct; second, check the logs for errors; third, validate your schema. In practice, you'll want to consider latency requirements and throughput. Best practice is to use idempotent sinks and enable checkpointing fo"
user_007,session_007,human,How do I reset my password? Thanks.
user_007,session_007,ai,"The key points are: first, ensure your configuration is correct; second, check the logs for errors; third, validate your schema. The main difference is that streaming processes data as it arrives, while batch processes bounded datasets. Common causes include misconfigured connectors, schema mismatches, or network timeouts. You can verify this by running a simple test and checking the metrics in th"
user_007,session_007,human,Can you summarize the docs? Quick answer only.
user_007,session_007,ai,"Sure. Here's a concise explanation. I recommend starting with the official documentation and then trying a small proof of concept. I recommend starting with the official documentation and then trying a small proof of concept. In practice, you'll want to consider latency requirements and throughput. Best practice is to use idempotent sinks and enable checkpointing for exactly-once semantics. In pra"
user_007,session_007,human,How do I reset my password?
user_007,session_007,ai,"Best practice is to use idempotent sinks and enable checkpointing for exactly-once semantics. The main difference is that streaming processes data as it arrives, while batch processes bounded datasets."
user_008,session_008,human,How do I backfill data? Thanks.
user_008,session_008,ai,I recommend starting with the official documentation and then trying a small proof of concept. Remember to set appropriate timeouts and retry policies. Remember to set appropriate timeouts and retry policies.
user_008,session_008,human,How does Kafka work? Quick answer only.
user_008,session_008,ai,"Sure. Here's a concise explanation. You can verify this by running a simple test and checking the metrics in the dashboard. The key points are: first, ensure your configuration is correct; second, check the logs for errors; third, validate your schema."
user_008,session_008,human,Help with schema evolution.
user_008,session_008,ai,"I recommend starting with the official documentation and then trying a small proof of concept. In practice, you'll want to consider latency requirements and throughput. The main difference is that streaming processes data as it arrives, while batch processes bounded datasets. In practice, you'll want to consider latency requirements and throughput. For production, consider high availability, monit"
user_008,session_008,human,How do I deploy Flink on Kubernetes?
user_008,session_008,ai,"Sure. Here's a concise explanation. The key points are: first, ensure your configuration is correct; second, check the logs for errors; third, validate your schema. Common causes include misconfigured connectors, schema mismatches, or network timeouts."
user_008,session_008,human,How do I scale my pipeline?
user_008,session_008,ai,"The main difference is that streaming processes data as it arrives, while batch processes bounded datasets. In practice, you'll want to consider latency requirements and throughput. You can verify this by running a simple test and checking the metrics in the dashboard. Common causes include misconfigured connectors, schema mismatches, or network timeouts. I recommend starting with the official doc"
user_009,session_009,human,Best way to learn Python?
user_009,session_009,ai,"Best practice is to use idempotent sinks and enable checkpointing for exactly-once semantics. Sure. Here's a concise explanation. For production, consider high availability, monitoring, and alerting. The key points are: first, ensure your configuration is correct; second, check the logs for errors; third, validate your schema. Common causes include misconfigured connectors, schema mismatches, or n"
user_009,session_009,human,Is this the right approach?
user_009,session_009,ai,I recommend starting with the official documentation and then trying a small proof of concept. Remember to set appropriate timeouts and retry policies. Sure. Here's a concise explanation.
user_009,session_009,human,Can you summarize the docs?
user_009,session_009,ai,"You can verify this by running a simple test and checking the metrics in the dashboard. For production, consider high availability, monitoring, and alerting. Common causes include misconfigured connectors, schema mismatches, or network timeouts. In practice, you'll want to consider latency requirements and throughput. You can verify this by running a simple test and checking the metrics in the das"
user_009,session_009,human,How do I reset my password?
user_009,session_009,ai,"Sure. Here's a concise explanation. Best practice is to use idempotent sinks and enable checkpointing for exactly-once semantics. The key points are: first, ensure your configuration is correct; second, check the logs for errors; third, validate your schema."
user_009,session_009,human,What's event time vs processing time?
user_009,session_009,ai,"For production, consider high availability, monitoring, and alerting. You can verify this by running a simple test and checking the metrics in the dashboard."
user_010,session_010,human,Why is my job failing?
user_010,session_010,ai,"Common causes include misconfigured connectors, schema mismatches, or network timeouts. You can verify this by running a simple test and checking the metrics in the dashboard. For production, consider high availability, monitoring, and alerting."
user_010,session_010,human,Can you summarize the docs?
user_010,session_010,ai,"Best practice is to use idempotent sinks and enable checkpointing for exactly-once semantics. Common causes include misconfigured connectors, schema mismatches, or network timeouts. Remember to set appropriate timeouts and retry policies. I recommend starting with the official documentation and then trying a small proof of concept."
user_010,session_010,human,Help me debug this SQL query.
user_010,session_010,ai,"For production, consider high availability, monitoring, and alerting. Common causes include misconfigured connectors, schema mismatches, or network timeouts. For production, consider high availability, monitoring, and alerting. Common causes include misconfigured connectors, schema mismatches, or network timeouts. For production, consider high availability, monitoring, and alerting."
user_010,session_010,human,What's the weather like?
user_010,session_010,ai,"In practice, you'll want to consider latency requirements and throughput. You can verify this by running a simple test and checking the metrics in the dashboard. Best practice is to use idempotent sinks and enable checkpointing for exactly-once semantics. Remember to set appropriate timeouts and retry policies. In practice, you'll want to consider latency requirements and throughput."
user_010,session_010,human,How do I connect Flink to Kafka?
user_010,session_010,ai,Sure. Here's a concise explanation. Best practice is to use idempotent sinks and enable checkpointing for exactly-once semantics.
